{
  "name": "zeroclipboard",
  "title": "jquery.zeroclipboard",
  "description": "Bind to the `beforecopy`, `copy`, `aftercopy`, and `copy-error` events, custom DOM-like events for clipboard injection generated using jQuery's Special Events API and ZeroClipboard's Core module.",
  "version": "0.2.2",
  "homepage": "https://github.com/zeroclipboard/jquery.zeroclipboard",
  "author": {
    "name": "James M. Greene",
    "email": "james.m.greene@gmail.com",
    "url": "http://jamesgreene.net/"
  },
  "repository": {
    "type": "git",
    "url": "git://github.com/zeroclipboard/jquery.zeroclipboard.git"
  },
  "bugs": "https://github.com/zeroclipboard/jquery.zeroclipboard/issues",
  "licenses": [
    {
      "type": "MIT",
      "url": "https://github.com/zeroclipboard/jquery.zeroclipboard/blob/master/LICENSE-MIT"
    }
  ],
  "dependencies": {
    "jquery": ">=1.7"
  },
  "keywords": [
    "flash",
    "clipboard",
    "copy",
    "cut",
    "paste",
    "zclip",
    "clip",
    "clippy"
  ]
}